Address,Content Type,Status Code,Status,Indexability,Indexability Status,Title 1,Title 1 Length,Title 1 Pixel Width,Meta Description 1,Meta Description 1 Length,Meta Description 1 Pixel Width,Meta Keywords 1,Meta Keywords 1 Length,H1-1,H1-1 Length,H1-2,H1-2 Length,H2-1,H2-1 Length,H2-2,H2-2 Length,Meta Robots 1,X-Robots-Tag 1,Meta Refresh 1,Canonical Link Element 1,"rel=""next"" 1","rel=""prev"" 1","HTTP rel=""next"" 1","HTTP rel=""prev"" 1",amphtml Link Element,Size (bytes),Transferred (bytes),Word Count,Sentence Count,Average Words Per Sentence,Flesch Reading Ease Score,Readability,Text Ratio,Crawl Depth,Folder Depth,Link Score,Inlinks,Unique Inlinks,Unique JS Inlinks,% of Total,Outlinks,Unique Outlinks,Unique JS Outlinks,External Outlinks,Unique External Outlinks,Unique External JS Outlinks,Closest Similarity Match,No. Near Duplicates,Spelling Errors,Grammar Errors,Hash,Response Time,Last Modified,Redirect URL,Redirect Type,Cookies,HTTP Version,URL Encoded Address,Crawl Timestamp
https://www.jamcity.com/,text/html; charset=UTF-8,200,OK,Indexable,,Jam City,8,79,Jam City connects people around the world through great games.,62,406,,0,Leading the evolution of gaming & interactive entertainment.,60,,0,,0,,0,"index, follow, max-image-preview:large, max-snippet:-1, max-video-preview:-1",,,https://www.jamcity.com/,,,,,,82039,82039,144,36,4,82.925,Easy,2.227,0,0,,149,49,0,92.45,28,20,0,12,7,0,,,,,af4415876e4f2181cd8b0aec6f67094f,0.036,,,,,1.1,https://www.jamcity.com/,2024/4/11 23:51
https://www.jamcity.com/wp-includes/js/dist/vendor/wp-polyfill.min.js?ver=3.15.0,,0,Blocked by robots.txt,Non-Indexable,Blocked by robots.txt,,0,0,,0,0,,0,,0,,0,,0,,0,,,,,,,,,,0,0,0,,,,,0,1,4,,0,0,0,0,0,0,0,0,0,0,,,,,,,,,,,None,https://www.jamcity.com/wp-includes/js/dist/vendor/wp-polyfill.min.js?ver=3.15.0,2024/4/11 23:51
https://www.jamcity.com/wp-content/plugins/contact-form-7/includes/css/styles.css?ver=5.4.1,text/css,200,OK,Indexable,,,0,0,,0,0,,0,,0,,0,,0,,0,,,,,,,,,,932,932,0,,,,,0,1,5,,0,0,0,0,0,0,0,0,0,0,,,,,,0.048,"Thu, 29 Apr 2021 05:34:36 GMT",,,,1.1,https://www.jamcity.com/wp-content/plugins/contact-form-7/includes/css/styles.css?ver=5.4.1,2024/4/11 23:51
https://jamcity.com/games/,text/html; charset=UTF-8,301,Moved Permanently,Non-Indexable,Redirected,,0,0,,0,0,,0,,0,,0,,0,,0,,,,,,,,,,0,0,0,,,,,0,1,1,,2,2,0,3.77,0,0,0,0,0,0,,,,,,0.681,,https://www.jamcity.com/games/,HTTP Redirect,,1.1,https://jamcity.com/games/,2024/4/11 23:51
https://www.jamcity.com/games/,text/html; charset=UTF-8,200,OK,Indexable,,Games - Jam City,16,159,,0,0,,0,,0,,0,Games,5,,0,"index, follow, max-image-preview:large, max-snippet:-1, max-video-preview:-1",,,https://www.jamcity.com/games/,,,,,,95529,95529,235,67,3.507,95.275,Very Easy,2.344,1,1,,98,49,0,92.45,42,34,0,13,8,0,,,,,eb8847deaee85b69d72e808729953cc6,1.585,,,,,1.1,https://www.jamcity.com/games/,2024/4/11 23:51
https://www.jamcity.com/wp-content/plugins/ewww-image-optimizer/includes/lazysizes.min.js?ver=615,application/javascript,200,OK,Indexable,,,0,0,,0,0,,0,,0,,0,,0,,0,,,,,,,,,,4918,4918,0,,,,,0,1,4,,0,0,0,0,0,0,0,0,0,0,,,,,,0.033,"Thu, 01 Apr 2021 18:09:48 GMT",,,,1.1,https://www.jamcity.com/wp-content/plugins/ewww-image-optimizer/includes/lazysizes.min.js?ver=615,2024/4/11 23:51
https://www.jamcity.com/early-careers/,text/html; charset=UTF-8,200,OK,Non-Indexable,noindex,Early Careers - Jam City,24,213,,0,0,,0,Early Careers,13,,0,A City for Growth,17,Programs,8,"noindex, nofollow",,,,,,,,,139929,139929,1374,216,6.361,67.752,Normal,9.82,1,1,,63,49,0,92.45,41,18,0,12,6,0,,,,,5fde9f22201dfde09933137050f6ef74,2.002,,,,,1.1,https://www.jamcity.com/early-careers/,2024/4/11 23:51
https://www.jamcity.com/wp-content/themes/jamcity/assets/fonts/fonts.css,text/css,200,OK,Indexable,,,0,0,,0,0,,0,,0,,0,,0,,0,,,,,,,,,,424,424,0,,,,,0,1,5,,0,0,0,0,0,0,0,0,0,0,,,,,,0.033,"Fri, 05 Apr 2024 14:57:00 GMT",,,,1.1,https://www.jamcity.com/wp-content/themes/jamcity/assets/fonts/fonts.css,2024/4/11 23:51
https://www.jamcity.com/job-openings/,text/html; charset=UTF-8,200,OK,Non-Indexable,noindex,Job Openings - Jam City,23,217,,0,0,,0,Refine Your Search,18,,0,,0,,0,"noindex, nofollow",,,,,,,,,188256,188256,488,176,2.773,64.465,Normal,4.725,1,1,,60,49,0,92.45,29,15,0,36,31,0,,,,,852c8ce343329e70079cf753445a15e8,1.428,,,,,1.1,https://www.jamcity.com/job-openings/,2024/4/11 23:51
https://www.jamcity.com/game/lovelink/,text/html; charset=UTF-8,200,OK,Indexable,,Lovelink - Jam City,19,169,"Meet your dream match – just one swipe away!Lovelink is an interactive virtual reality romance game that lets you navigate your chats with your choices! With interesting, exciting and thrilling characters to browse through, dive into an all-new narrative dating experience.Make your fantasy a reality, date the kpop star or flirt with a royal prince, Lovelink has a perfect match for everyone! Each character has a unique story for you! Make the right choices and you never know who will ask you out on a date!Get to know your potential suitors! Learn about their lives and experience their unique stories. Collect steamy selfies, send flirty emojis and make choices that influence your interactions and the outcome of the story, and who knows, maybe they’ll want to meet you for a date!",787,4780,,0,,0,,0,Lovelink,8,,0,"index, follow, max-image-preview:large, max-snippet:-1, max-video-preview:-1",,,https://www.jamcity.com/game/lovelink/,,,,,,91918,91918,497,71,7,79.213,Fairly Easy,5.833,1,2,,3,2,0,3.77,25,16,0,15,10,0,,,,,d0e6dd35fdebf1360cf1c20b9aa2f27c,1.497,,,,,1.1,https://www.jamcity.com/game/lovelink/,2024/4/11 23:51
https://www.jamcity.com/terms-of-service/,text/html; charset=UTF-8,301,Moved Permanently,Non-Indexable,Redirected,,0,0,,0,0,,0,,0,,0,,0,,0,,,,,,,,,,0,0,0,,,,,0,1,1,,49,49,0,92.45,0,0,0,0,0,0,,,,,,1.118,,http://jamcity.com/privacyandterms,HTTP Redirect,,1.1,https://www.jamcity.com/terms-of-service/,2024/4/11 23:51
https://www.jamcity.com/game/cookie-jam/,text/html; charset=UTF-8,200,OK,Indexable,,Cookie Jam - Jam City,21,201,,0,0,,0,,0,,0,Cookie Jam,10,,0,"index, follow, max-image-preview:large, max-snippet:-1, max-video-preview:-1",,,https://www.jamcity.com/game/cookie-jam/,,,,,,90390,90390,156,30,5.2,87.13,Easy,2.163,1,2,,4,3,0,5.66,25,16,0,19,14,0,,,,,a3855c59a72a1185d8a48f76b08b336b,1.576,,,,,1.1,https://www.jamcity.com/game/cookie-jam/,2024/4/11 23:51
https://www.jamcity.com/game/jurassic-world-alive/,text/html; charset=UTF-8,200,OK,Indexable,,Jurassic World Alive - Jam City,31,276,,0,0,,0,,0,,0,Jurassic World Alive,20,,0,"index, follow, max-image-preview:large, max-snippet:-1, max-video-preview:-1",,,https://www.jamcity.com/game/jurassic-world-alive/,,,,,,91300,91300,503,81,6.21,69.848,Normal,6.506,1,2,,4,3,0,5.66,25,16,0,16,11,0,,,,,747634b649317c3f3eb1720df86e579b,1.509,,,,,1.1,https://www.jamcity.com/game/jurassic-world-alive/,2024/4/11 23:51
https://www.jamcity.com/wp-content/plugins/contact-form-7/modules/recaptcha/index.js?ver=5.4.1,application/javascript,200,OK,Indexable,,,0,0,,0,0,,0,,0,,0,,0,,0,,,,,,,,,,1502,1502,0,,,,,0,1,5,,0,0,0,0,0,0,0,0,0,0,,,,,,0.013,"Thu, 29 Apr 2021 05:34:36 GMT",,,,1.1,https://www.jamcity.com/wp-content/plugins/contact-form-7/modules/recaptcha/index.js?ver=5.4.1,2024/4/11 23:51
https://www.jamcity.com/wp-content/plugins/contact-form-7/includes/js/index.js?ver=5.4.1,application/javascript,200,OK,Indexable,,,0,0,,0,0,,0,,0,,0,,0,,0,,,,,,,,,,4004,4004,0,,,,,0,1,5,,0,0,0,0,0,0,0,0,0,0,,,,,,0.033,"Thu, 29 Apr 2021 05:34:36 GMT",,,,1.1,https://www.jamcity.com/wp-content/plugins/contact-form-7/includes/js/index.js?ver=5.4.1,2024/4/11 23:51
https://www.jamcity.com/wp-includes/js/dist/vendor/regenerator-runtime.min.js?ver=0.13.7,,0,Blocked by robots.txt,Non-Indexable,Blocked by robots.txt,,0,0,,0,0,,0,,0,,0,,0,,0,,,,,,,,,,0,0,0,,,,,0,1,4,,0,0,0,0,0,0,0,0,0,0,,,,,,,,,,,None,https://www.jamcity.com/wp-includes/js/dist/vendor/regenerator-runtime.min.js?ver=0.13.7,2024/4/11 23:51
https://www.jamcity.com/wp-includes/css/dist/block-library/style.min.css?ver=5.8,,0,Blocked by robots.txt,Non-Indexable,Blocked by robots.txt,,0,0,,0,0,,0,,0,,0,,0,,0,,,,,,,,,,0,0,0,,,,,0,1,4,,0,0,0,0,0,0,0,0,0,0,,,,,,,,,,,None,https://www.jamcity.com/wp-includes/css/dist/block-library/style.min.css?ver=5.8,2024/4/11 23:51
https://www.jamcity.com/wp-content/plugins/duracelltomi-google-tag-manager/js/gtm4wp-form-move-tracker.js?ver=1.13.1,application/javascript,200,OK,Indexable,,,0,0,,0,0,,0,,0,,0,,0,,0,,,,,,,,,,340,340,0,,,,,0,1,4,,0,0,0,0,0,0,0,0,0,0,,,,,,0.048,"Fri, 09 Apr 2021 05:53:18 GMT",,,,1.1,https://www.jamcity.com/wp-content/plugins/duracelltomi-google-tag-manager/js/gtm4wp-form-move-tracker.js?ver=1.13.1,2024/4/11 23:51
https://www.jamcity.com/wp-content/themes/jamcity/theme/dist/styles/main.min.css?ver=1712329069,text/css,200,OK,Indexable,,,0,0,,0,0,,0,,0,,0,,0,,0,,,,,,,,,,25663,25663,0,,,,,0,1,6,,0,0,0,0,0,0,0,0,0,0,,,,,,0.04,"Fri, 05 Apr 2024 14:57:49 GMT",,,,1.1,https://www.jamcity.com/wp-content/themes/jamcity/theme/dist/styles/main.min.css?ver=1712329069,2024/4/11 23:51
https://www.jamcity.com/blog/,text/html; charset=UTF-8,200,OK,Indexable,,Blog - Jam City,15,134,,0,0,,0,,0,,0,Blog,4,,0,"index, follow, max-image-preview:large, max-snippet:-1, max-video-preview:-1",,,https://www.jamcity.com/blog/,https://www.jamcity.com/blog/page/2/,,,,,93615,93615,287,68,4.221,80.22,Easy,3.284,1,1,,98,49,0,92.45,46,26,0,10,5,0,,,,,4365db01c868859d3c1a7298e34d528e,1.483,,,,,1.1,https://www.jamcity.com/blog/,2024/4/11 23:51
https://www.jamcity.com/wp-includes/js/wp-embed.min.js?ver=5.8,,0,Blocked by robots.txt,Non-Indexable,Blocked by robots.txt,,0,0,,0,0,,0,,0,,0,,0,,0,,,,,,,,,,0,0,0,,,,,0,1,2,,0,0,0,0,0,0,0,0,0,0,,,,,,,,,,,None,https://www.jamcity.com/wp-includes/js/wp-embed.min.js?ver=5.8,2024/4/11 23:51
https://www.jamcity.com/benefits/,text/html; charset=UTF-8,200,OK,Non-Indexable,noindex,Benefits - Jam City,19,169,,0,0,,0,Benefits,8,,0,Perks of Jam Citizenship,24,,0,"noindex, nofollow",,,,,,,,,107146,107146,713,129,5.527,73.316,Fairly Easy,6.97,1,1,,61,49,0,92.45,33,15,0,11,6,0,,,,,4b33792d28ebe2ae56fd89cfa7e33fe2,1.486,,,,,1.1,https://www.jamcity.com/benefits/,2024/4/11 23:51
https://www.jamcity.com/who-we-are/,text/html; charset=UTF-8,200,OK,Indexable,,Who We Are - Jam City,21,205,,0,0,,0,,0,,0,Who We Are,10,Press Links,11,"index, follow, max-image-preview:large, max-snippet:-1, max-video-preview:-1",,,https://www.jamcity.com/who-we-are/,,,,,,200498,200498,362,69,5.246,59.653,Fairly Hard,4.903,1,1,,98,49,0,92.45,38,22,0,11,6,0,,,,,26b8ed879805d8506de41d1749f257ce,1.619,,,,,1.1,https://www.jamcity.com/who-we-are/,2024/4/11 23:51
https://www.jamcity.com/locations/,text/html; charset=UTF-8,200,OK,Non-Indexable,noindex,Locations - Jam City,20,182,,0,0,,0,Locations,9,,0,Where Citizens Jam,18,,0,"noindex, nofollow",,,,,,,,,99987,99987,510,100,5.1,79.901,Fairly Easy,5.608,1,1,,57,49,0,92.45,53,27,0,11,6,0,,,,,d26ac926d15e988683906024b4a9a5ef,1.576,,,,,1.1,https://www.jamcity.com/locations/,2024/4/11 23:51
https://www.jamcity.com/wp-content/themes/jamcity/theme/dist/main.min.js?ver=1712329069,application/javascript,200,OK,Indexable,,,0,0,,0,0,,0,,0,,0,,0,,0,,,,,,,,,,17817,17817,0,,,,,0,1,5,,0,0,0,0,0,0,0,0,0,0,,,,,,0.038,"Fri, 05 Apr 2024 14:57:49 GMT",,,,1.1,https://www.jamcity.com/wp-content/themes/jamcity/theme/dist/main.min.js?ver=1712329069,2024/4/11 23:51
https://www.jamcity.com/departments/,text/html; charset=UTF-8,200,OK,Non-Indexable,noindex,Departments - Jam City,22,212,,0,0,,0,Departments,11,,0,The Magic Makers,16,,0,"noindex, nofollow",,,,,,,,,97591,97591,566,99,5.717,77.719,Fairly Easy,6.601,1,1,,55,49,0,92.45,48,24,0,11,6,0,,,,,8400740cd556ba85e5169592279ffc93,1.688,,,,,1.1,https://www.jamcity.com/departments/,2024/4/11 23:51
https://www.jamcity.com/press/,text/html; charset=UTF-8,200,OK,Indexable,,Press - Jam City,16,146,,0,0,,0,,0,,0,Press,5,,0,"index, follow, max-image-preview:large, max-snippet:-1, max-video-preview:-1",,,https://www.jamcity.com/press/,,,,,,89937,89937,161,48,3.354,92.557,Very Easy,2.126,1,1,,99,49,0,92.45,43,25,0,10,5,0,,,,,11527b820a73662b5729f9f8439740f2,1.624,,,,,1.1,https://www.jamcity.com/press/,2024/4/11 23:51
https://www.jamcity.com/support/,text/html; charset=UTF-8,200,OK,Indexable,,Support - Jam City,18,165,,0,0,,0,Select your game to get support,31,,0,,0,,0,"index, follow, max-image-preview:large, max-snippet:-1, max-video-preview:-1",,,https://www.jamcity.com/support/,,,,,,112025,112025,116,44,2.636,79.447,Fairly Easy,1.151,1,1,,99,49,0,92.45,24,15,0,35,30,0,,,,,6a85e4c7bbbd5383fa4c63a281598cbb,1.514,,,,,1.1,https://www.jamcity.com/support/,2024/4/11 23:51
https://www.jamcity.com/wp-includes/js/jquery/jquery-migrate.min.js?ver=3.3.2,,0,Blocked by robots.txt,Non-Indexable,Blocked by robots.txt,,0,0,,0,0,,0,,0,,0,,0,,0,,,,,,,,,,0,0,0,,,,,0,1,3,,0,0,0,0,0,0,0,0,0,0,,,,,,,,,,,None,https://www.jamcity.com/wp-includes/js/jquery/jquery-migrate.min.js?ver=3.3.2,2024/4/11 23:51
https://www.jamcity.com/wp-includes/js/jquery/jquery.min.js?ver=3.6.0,,0,Blocked by robots.txt,Non-Indexable,Blocked by robots.txt,,0,0,,0,0,,0,,0,,0,,0,,0,,,,,,,,,,0,0,0,,,,,0,1,3,,0,0,0,0,0,0,0,0,0,0,,,,,,,,,,,None,https://www.jamcity.com/wp-includes/js/jquery/jquery.min.js?ver=3.6.0,2024/4/11 23:51
https://www.jamcity.com/life-at-jam-city/,text/html; charset=UTF-8,200,OK,Non-Indexable,noindex,Life At Jam City - Jam City,27,238,,0,0,,0,Life At Jam City,16,,0,Play is in our DNA,18,A City For All,14,"noindex, nofollow",,,,,,,,,131709,131709,933,169,5.521,72.563,Fairly Easy,7.307,1,1,,115,49,0,92.45,68,25,0,18,12,0,,,,,9371ce6513fedaadaaf496c3ee5abb05,2.538,,,,,1.1,https://www.jamcity.com/life-at-jam-city/,2024/4/11 23:51
https://www.jamcity.com/game/family-guy-the-quest-for-stuff/,text/html; charset=UTF-8,200,OK,Indexable,,Family Guy The Quest for Stuff - Jam City,41,369,,0,0,,0,,0,,0,Family Guy The Quest for Stuff,30,,0,"index, follow, max-image-preview:large, max-snippet:-1, max-video-preview:-1",,,https://www.jamcity.com/game/family-guy-the-quest-for-stuff/,,,,,,86343,86343,200,38,5.263,75.862,Fairly Easy,2.889,1,2,,4,3,0,5.66,25,16,0,15,9,0,,,,,f03078f11a24894130c2c2830cc17d15,1.507,,,,,1.1,https://www.jamcity.com/game/family-guy-the-quest-for-stuff/,2024/4/11 23:51
https://www.jamcity.com/new-privacy-policy-and-terms/,text/html; charset=UTF-8,200,OK,Indexable,,New Privacy Policy and Terms - Jam City,39,364,,0,0,,0,,0,,0,Privacy Policy,14,Terms of Use,12,"index, follow, max-image-preview:large, max-snippet:-1, max-video-preview:-1",,,https://www.jamcity.com/new-privacy-policy-and-terms/,,,,,,229201,229201,15077,2251,6.698,52.069,Fairly Hard,50.488,1,1,,87,49,0,92.45,68,18,0,53,39,0,,,,,9c17ba85651d5fa8b612174eb1fcab93,1.532,,,,,1.1,https://www.jamcity.com/new-privacy-policy-and-terms/,2024/4/11 23:51
https://www.jamcity.com/careers/,text/html,301,Moved Permanently,Non-Indexable,Redirected,,0,0,,0,0,,0,,0,,0,,0,,0,,,,,,,,,,134,134,0,,,,,0,1,1,,49,49,0,92.45,0,0,0,0,0,0,,,,,,0.704,,https://www.jamcity.com/life-at-jam-city/,HTTP Redirect,,1.1,https://www.jamcity.com/careers/,2024/4/11 23:51
https://www.jamcity.com/wp-content/ewww/lazy/placeholder-885x575.png,image/png,200,OK,Indexable,,,0,0,,0,0,,0,,0,,0,,0,,0,,,,,,,,,,191,191,0,,,,,0,2,3,,0,0,0,0,0,0,0,0,0,0,,,,,,0.659,"Mon, 15 May 2023 17:01:16 GMT",,,,1.1,https://www.jamcity.com/wp-content/ewww/lazy/placeholder-885x575.png,2024/4/11 23:51
https://www.jamcity.com/game/bingo-pop/,text/html; charset=UTF-8,200,OK,Indexable,,Bingo Pop - Jam City,20,185,,0,0,,0,,0,,0,Bingo Pop,9,,0,"index, follow, max-image-preview:large, max-snippet:-1, max-video-preview:-1",,,https://www.jamcity.com/game/bingo-pop/,,,,,,89013,89013,685,98,6.99,84.635,Easy,7.829,2,2,,3,2,0,3.77,25,16,0,16,11,0,,,,,8e17a08f828a904d6234bdcd0a6ac57a,1.487,,,,,1.1,https://www.jamcity.com/game/bingo-pop/,2024/4/11 23:51
https://www.jamcity.com/game/book-of-life-sugar-smash/,text/html; charset=UTF-8,200,OK,Indexable,,Book of Life: Sugar Smash - Jam City,36,330,,0,0,,0,,0,,0,Book of Life: Sugar Smash,25,,0,"index, follow, max-image-preview:large, max-snippet:-1, max-video-preview:-1",,,https://www.jamcity.com/game/book-of-life-sugar-smash/,,,,,,90079,90079,175,33,5.303,78.662,Fairly Easy,2.439,2,2,,3,2,0,3.77,25,16,0,17,12,0,,,,,85ac27329f1e86d1db112e0876020f08,1.461,,,,,1.1,https://www.jamcity.com/game/book-of-life-sugar-smash/,2024/4/11 23:51
https://www.jamcity.com/black-history-month-2023-a-celebration-of-diversity-resilience-and-inspiration/,text/html; charset=UTF-8,200,OK,Indexable,,"Black History Month 2023: A Celebration of Diversity, Resilience, and Inspiration - Jam City",92,799,,0,0,,0,"Black History Month 2023: A Celebration of Diversity, Resilience, and Inspiration",81,,0,Related posts,13,,0,"index, follow, max-image-preview:large, max-snippet:-1, max-video-preview:-1",,,https://www.jamcity.com/black-history-month-2023-a-celebration-of-diversity-resilience-and-inspiration/,,,,,,95458,95458,873,138,6.326,59.705,Fairly Hard,10.028,2,1,,2,1,0,1.89,42,22,0,12,7,0,,,,,48c8cb00c16d9f09d62cf3b818109546,1.396,,,,,1.1,https://www.jamcity.com/black-history-month-2023-a-celebration-of-diversity-resilience-and-inspiration/,2024/4/11 23:51
https://www.jamcity.com/wp-content/ewww/lazy/placeholder-1920x1080.png,image/png,200,OK,Indexable,,,0,0,,0,0,,0,,0,,0,,0,,0,,,,,,,,,,359,359,0,,,,,0,2,3,,0,0,0,0,0,0,0,0,0,0,,,,,,0.691,"Tue, 16 Mar 2021 13:02:23 GMT",,,,1.1,https://www.jamcity.com/wp-content/ewww/lazy/placeholder-1920x1080.png,2024/4/11 23:51
https://www.jamcity.com/wp-content/themes/jamcity/theme/resources/images/single/icon-facebook.png,image/png,200,OK,Indexable,,,0,0,,0,0,,0,,0,,0,,0,,0,,,,,,,,,,14759,14759,0,,,,,0,2,7,,0,0,0,0,0,0,0,0,0,0,,,,,,0.584,"Fri, 05 Apr 2024 14:57:00 GMT",,,,1.1,https://www.jamcity.com/wp-content/themes/jamcity/theme/resources/images/single/icon-facebook.png,2024/4/11 23:52
https://www.jamcity.com/wp-content/ewww/lazy/placeholder-1280x720.png,image/png,200,OK,Indexable,,,0,0,,0,0,,0,,0,,0,,0,,0,,,,,,,,,,220,220,0,,,,,0,2,3,,0,0,0,0,0,0,0,0,0,0,,,,,,0.667,"Tue, 16 Mar 2021 12:40:12 GMT",,,,1.1,https://www.jamcity.com/wp-content/ewww/lazy/placeholder-1280x720.png,2024/4/11 23:52
https://www.jamcity.com/game/snoopy-pop/,text/html; charset=UTF-8,200,OK,Indexable,,Snoopy Pop - Jam City,21,200,,0,0,,0,,0,,0,Snoopy Pop,10,,0,"index, follow, max-image-preview:large, max-snippet:-1, max-video-preview:-1",,,https://www.jamcity.com/game/snoopy-pop/,,,,,,90642,90642,256,42,6.095,87.628,Easy,3.308,2,2,,3,2,0,3.77,25,16,0,18,12,0,,,,,f6842f52d2a07ab0d77aedf037b77c47,1.539,,,,,1.1,https://www.jamcity.com/game/snoopy-pop/,2024/4/11 23:52
https://www.jamcity.com/game/frozen-freefall/,text/html; charset=UTF-8,200,OK,Indexable,,Frozen Freefall - Jam City,26,229,"Get ready for an epic puzzle matching adventure in the Kingdom of Arendelle, inspired by Disney’s Frozen movie! Join Anna, Elsa, Olaf and more of your favorite characters on a puzzle journey to slide and match-3 hundreds of icy puzzles for FREE! This game contains in-app purchases.",282,1746,,0,,0,,0,Frozen Freefall,15,Features,8,"index, follow, max-image-preview:large, max-snippet:-1, max-video-preview:-1",,,https://www.jamcity.com/game/frozen-freefall/,,,,,,90473,90473,295,46,6.413,72.135,Fairly Easy,3.975,2,2,,3,2,0,3.77,25,16,0,16,11,0,,,,,77b8b8718b2b70fc9a362ba4aa75dd3e,1.525,,,,,1.1,https://www.jamcity.com/game/frozen-freefall/,2024/4/11 23:52
https://www.jamcity.com/game/family-guy-another-freakin-mobile-game/,text/html; charset=UTF-8,200,OK,Indexable,,Family Guy Another Freakin’ Mobile Game - Jam City,50,468,,0,0,,0,,0,,0,Family Guy Another Freakin’ Mobile Game,39,,0,"index, follow, max-image-preview:large, max-snippet:-1, max-video-preview:-1",,,https://www.jamcity.com/game/family-guy-another-freakin-mobile-game/,,,,,,91772,91772,214,43,4.977,68.954,Normal,2.971,2,2,,3,2,0,3.77,25,16,0,18,13,0,,,,,59ec321bd8c0ea791fecf7f736040f06,1.601,,,,,1.1,https://www.jamcity.com/game/family-guy-another-freakin-mobile-game/,2024/4/11 23:52
https://www.jamcity.com/jurassic-world-alive-celebrates-5th-anniversary-achieving-pre-historic-milestones/,text/html; charset=UTF-8,200,OK,Indexable,,"JURASSIC WORLD ALIVE CELEBRATES 5TH ANNIVERSARY, ACHIEVING “PRE-HISTORIC” MILESTONES! - Jam City",96,1006,,0,0,,0,"JURASSIC WORLD ALIVE CELEBRATES 5TH ANNIVERSARY, ACHIEVING “PRE-HISTORIC” MILESTONES!",85,,0,Related posts,13,,0,"index, follow, max-image-preview:large, max-snippet:-1, max-video-preview:-1",,,https://www.jamcity.com/jurassic-world-alive-celebrates-5th-anniversary-achieving-pre-historic-milestones/,,,,,,93902,93902,487,82,5.939,68.435,Normal,5.796,2,1,,18,9,0,16.98,42,22,0,19,14,0,,,,,b85245b414075887f44804d331ca8683,1.456,,,,,1.1,https://www.jamcity.com/jurassic-world-alive-celebrates-5th-anniversary-achieving-pre-historic-milestones/,2024/4/11 23:52
https://www.jamcity.com/wp-content/ewww/lazy/placeholder-624x305.png,image/png,200,OK,Indexable,,,0,0,,0,0,,0,,0,,0,,0,,0,,,,,,,,,,152,152,0,,,,,0,2,3,,0,0,0,0,0,0,0,0,0,0,,,,,,0.684,"Mon, 24 Jul 2023 15:58:37 GMT",,,,1.1,https://www.jamcity.com/wp-content/ewww/lazy/placeholder-624x305.png,2024/4/11 23:52
https://www.jamcity.com/massive-hogwarts-mystery-update-ages-up-the-characters/,text/html; charset=UTF-8,200,OK,Indexable,,Massive Hogwarts Mystery Update Ages Up the Characters - Jam City,65,620,,0,0,,0,Massive Hogwarts Mystery Update Ages Up the Characters,54,,0,Related posts,13,,0,"index, follow, max-image-preview:large, max-snippet:-1, max-video-preview:-1",,,https://www.jamcity.com/massive-hogwarts-mystery-update-ages-up-the-characters/,,,,,,87044,87044,135,36,3.75,81.455,Easy,2.032,2,1,,20,10,0,18.87,37,21,0,13,8,0,,,,,daf67ee14a81fceae99469af1de5c5c3,1.395,,,,,1.1,https://www.jamcity.com/massive-hogwarts-mystery-update-ages-up-the-characters/,2024/4/11 23:52
http://www.jamcity.com/,text/html,301,Moved Permanently,Non-Indexable,Redirected,,0,0,,0,0,,0,,0,,0,,0,,0,,,,,,,,,,134,134,0,,,,,0,2,0,,1,1,0,1.89,0,0,0,0,0,0,,,,,,0.352,,https://www.jamcity.com/,HTTP Redirect,,1.1,http://www.jamcity.com/,2024/4/11 23:52
https://www.jamcity.com/mando-mania-kicks-off-with-new-products-and-collectible-highlights/,text/html; charset=UTF-8,200,OK,Indexable,,"""Mando Mania"" Kicks Off with New Products and Collectible Highlights - Jam City",79,719,,0,0,,0,“Mando Mania” Kicks Off with New Products and Collectible Highlights,68,,0,Related posts,13,,0,"index, follow, max-image-preview:large, max-snippet:-1, max-video-preview:-1",,,https://www.jamcity.com/mando-mania-kicks-off-with-new-products-and-collectible-highlights/,,,,,,87047,87047,140,37,3.784,81.533,Easy,2.094,2,1,,2,1,0,1.89,37,21,0,13,8,0,,,,,e6dab23a5fcccebdfb0982d3a0062330,1.445,,,,,1.1,https://www.jamcity.com/mando-mania-kicks-off-with-new-products-and-collectible-highlights/,2024/4/11 23:52
https://jamcity.com/blog/,text/html; charset=UTF-8,301,Moved Permanently,Non-Indexable,Redirected,,0,0,,0,0,,0,,0,,0,,0,,0,,,,,,,,,,0,0,0,,,,,0,2,1,,1,1,0,1.89,0,0,0,0,0,0,,,,,,0.931,,https://www.jamcity.com/blog/,HTTP Redirect,,1.1,https://jamcity.com/blog/,2024/4/11 23:52
https://www.jamcity.com/game/teenage-mutant-ninja-turtles-legends/,text/html; charset=UTF-8,200,OK,Indexable,,Teenage Mutant Ninja Turtles: Legends - Jam City,48,447,,0,0,,0,,0,,0,Teenage Mutant Ninja Turtles: Legends,37,,0,"index, follow, max-image-preview:large, max-snippet:-1, max-video-preview:-1",,,https://www.jamcity.com/game/teenage-mutant-ninja-turtles-legends/,,,,,,91431,91431,592,107,5.533,72.462,Fairly Easy,7.531,2,2,,3,2,0,3.77,25,16,0,15,10,0,,,,,bbcddb14cf92c4ef833ac894df3cdb18,1.627,,,,,1.1,https://www.jamcity.com/game/teenage-mutant-ninja-turtles-legends/,2024/4/11 23:52
http://jamcity.com/privacyandterms,text/html,301,Moved Permanently,Non-Indexable,Redirected,,0,0,,0,0,,0,,0,,0,,0,,0,,,,,,,,,,134,134,0,,,,,0,2,0,,0,0,0,0,0,0,0,0,0,0,,,,,,0.318,,https://jamcity.com/privacyandterms,HTTP Redirect,,1.1,http://jamcity.com/privacyandterms,2024/4/11 23:52
https://www.jamcity.com/category/jam-city/,text/html; charset=UTF-8,200,OK,Indexable,,,0,0,,0,0,,0,,0,,0,,0,,0,,,,,,,,,,0,0,0,,,,,0,2,2,,43,9,0,16.98,0,0,0,0,0,0,,,,,d41d8cd98f00b204e9800998ecf8427e,1.039,,,,,1.1,https://www.jamcity.com/category/jam-city/,2024/4/11 23:52
https://www.jamcity.com/how-jam-city-celebrated-aapi-month/,text/html; charset=UTF-8,200,OK,Indexable,,How Jam City Celebrated AAPI Month - Jam City,45,433,,0,0,,0,How Jam City Celebrated AAPI Month,34,,0,Related posts,13,,0,"index, follow, max-image-preview:large, max-snippet:-1, max-video-preview:-1",,,https://www.jamcity.com/how-jam-city-celebrated-aapi-month/,,,,,,95835,95835,743,114,6.518,53.678,Fairly Hard,8.496,2,1,,2,1,0,1.89,42,22,0,15,10,0,,,,,c1cb6d0798255cc30179e74697ae15a3,1.35,,,,,1.1,https://www.jamcity.com/how-jam-city-celebrated-aapi-month/,2024/4/11 23:52
https://www.jamcity.com/jurassic-world-alive-mattel-partnered-for-in-game-collaboration/,text/html; charset=UTF-8,200,OK,Indexable,,"“Jurassic World Alive,” Mattel Partnered for In-Game Collaboration - Jam City",77,686,,0,0,,0,"“Jurassic World Alive,” Mattel Partnered for In-Game Collaboration",66,,0,Related posts,13,,0,"index, follow, max-image-preview:large, max-snippet:-1, max-video-preview:-1",,,https://www.jamcity.com/jurassic-world-alive-mattel-partnered-for-in-game-collaboration/,,,,,,86515,86515,133,36,3.694,80.32,Easy,2.065,2,1,,20,10,0,18.87,37,21,0,13,8,0,,,,,9f88259d991aacfaed842d28714829ec,1.331,,,,,1.1,https://www.jamcity.com/jurassic-world-alive-mattel-partnered-for-in-game-collaboration/,2024/4/11 23:52
https://www.jamcity.com/wp-content/ewww/lazy/placeholder-960x540.png,image/png,200,OK,Indexable,,,0,0,,0,0,,0,,0,,0,,0,,0,,,,,,,,,,171,171,0,,,,,0,2,3,,0,0,0,0,0,0,0,0,0,0,,,,,,0.787,"Tue, 16 Mar 2021 12:42:44 GMT",,,,1.1,https://www.jamcity.com/wp-content/ewww/lazy/placeholder-960x540.png,2024/4/11 23:52
https://www.jamcity.com/wp-content/ewww/lazy/placeholder-1080x1080.png,image/png,200,OK,Indexable,,,0,0,,0,0,,0,,0,,0,,0,,0,,,,,,,,,,250,250,0,,,,,0,2,3,,0,0,0,0,0,0,0,0,0,0,,,,,,0.683,"Tue, 16 Mar 2021 13:59:38 GMT",,,,1.1,https://www.jamcity.com/wp-content/ewww/lazy/placeholder-1080x1080.png,2024/4/11 23:52
https://jamcity.com/who-we-are/,text/html; charset=UTF-8,301,Moved Permanently,Non-Indexable,Redirected,,0,0,,0,0,,0,,0,,0,,0,,0,,,,,,,,,,0,0,0,,,,,0,2,1,,1,1,0,1.89,0,0,0,0,0,0,,,,,,0.548,,https://www.jamcity.com/who-we-are/,HTTP Redirect,,1.1,https://jamcity.com/who-we-are/,2024/4/11 23:52
https://www.jamcity.com/wp-content/ewww/lazy/placeholder-900x600.png,image/png,200,OK,Indexable,,,0,0,,0,0,,0,,0,,0,,0,,0,,,,,,,,,,195,195,0,,,,,0,2,3,,0,0,0,0,0,0,0,0,0,0,,,,,,0.682,"Tue, 28 Feb 2023 16:57:39 GMT",,,,1.1,https://www.jamcity.com/wp-content/ewww/lazy/placeholder-900x600.png,2024/4/11 23:52
https://www.jamcity.com/wp-content/ewww/lazy/placeholder-1024x1024.png,image/png,200,OK,Indexable,,,0,0,,0,0,,0,,0,,0,,0,,0,,,,,,,,,,235,235,0,,,,,0,2,3,,0,0,0,0,0,0,0,0,0,0,,,,,,0.538,"Tue, 16 Mar 2021 12:40:15 GMT",,,,1.1,https://www.jamcity.com/wp-content/ewww/lazy/placeholder-1024x1024.png,2024/4/11 23:52
https://www.jamcity.com/game/panda-pop/,text/html; charset=UTF-8,200,OK,Indexable,,Panda Pop - Jam City,20,192,,0,0,,0,,0,,0,Panda Pop,9,,0,"index, follow, max-image-preview:large, max-snippet:-1, max-video-preview:-1",,,https://www.jamcity.com/game/panda-pop/,,,,,,89444,89444,149,31,4.806,91.806,Very Easy,2.081,2,2,,3,2,0,3.77,25,16,0,18,13,0,,,,,5a551c01a945a1bb20f869229fc02d86,1.597,,,,,1.1,https://www.jamcity.com/game/panda-pop/,2024/4/11 23:52
https://www.jamcity.com/wp-content/ewww/lazy/placeholder-516x516.png,image/png,200,OK,Indexable,,,0,0,,0,0,,0,,0,,0,,0,,0,,,,,,,,,,161,161,0,,,,,0,2,3,,0,0,0,0,0,0,0,0,0,0,,,,,,0.71,"Wed, 02 Jun 2021 23:05:42 GMT",,,,1.1,https://www.jamcity.com/wp-content/ewww/lazy/placeholder-516x516.png,2024/4/11 23:52
https://www.jamcity.com/jam-citys-harry-potter-hogwarts-mystery-launches-largest-expansion-to-date-in-magical-new-adventure-beyond-hogwarts/,text/html; charset=UTF-8,200,OK,Indexable,,"JAM CITY’S HARRY POTTER: HOGWARTS MYSTERY LAUNCHES LARGEST EXPANSION TO DATE IN MAGICAL NEW ADVENTURE, BEYOND HOGWARTS - Jam City",129,1432,,0,0,,0,"JAM CITY’S HARRY POTTER: HOGWARTS MYSTERY LAUNCHES LARGEST EXPANSION TO DATE IN MAGICAL NEW ADVENTURE, BEYOND HOGWARTS",118,,0,Related posts,13,,0,"index, follow, max-image-preview:large, max-snippet:-1, max-video-preview:-1",,,https://www.jamcity.com/jam-citys-harry-potter-hogwarts-mystery-launches-largest-expansion-to-date-in-magical-new-adventure-beyond-hogwarts/,,,,,,100508,100508,1244,215,5.786,59.985,Fairly Hard,13.263,2,1,,18,9,0,16.98,43,22,0,21,16,0,,,,,c33e6052b74bf2b1b47f89f8a59c9441,1.493,,,,,1.1,https://www.jamcity.com/jam-citys-harry-potter-hogwarts-mystery-launches-largest-expansion-to-date-in-magical-new-adventure-beyond-hogwarts/,2024/4/11 23:52
https://www.jamcity.com/12-best-ios-rpg-games-2023/,text/html; charset=UTF-8,200,OK,Indexable,,12 Best iOS RPG Games 2023 - Jam City,37,360,,0,0,,0,12 Best iOS RPG Games 2023,26,,0,Related posts,13,,0,"index, follow, max-image-preview:large, max-snippet:-1, max-video-preview:-1",,,https://www.jamcity.com/12-best-ios-rpg-games-2023/,,,,,,85429,85429,130,36,3.611,95.142,Very Easy,1.969,2,1,,2,1,0,1.89,37,21,0,13,8,0,,,,,d958b3101f2959e4c160a40f2bd3965b,1.507,,,,,1.1,https://www.jamcity.com/12-best-ios-rpg-games-2023/,2024/4/11 23:52
https://www.jamcity.com/wp-content/ewww/lazy/placeholder-768x768.png,image/png,200,OK,Indexable,,,0,0,,0,0,,0,,0,,0,,0,,0,,,,,,,,,,201,201,0,,,,,0,2,3,,0,0,0,0,0,0,0,0,0,0,,,,,,0.506,"Mon, 04 Sep 2023 00:16:51 GMT",,,,1.1,https://www.jamcity.com/wp-content/ewww/lazy/placeholder-768x768.png,2024/4/11 23:52
https://www.jamcity.com/wp-content/themes/jamcity/theme/resources/images/blog/default.jpg,image/jpeg,200,OK,Indexable,,,0,0,,0,0,,0,,0,,0,,0,,0,,,,,,,,,,163623,163623,0,,,,,0,2,7,,0,0,0,0,0,0,0,0,0,0,,,,,,0.682,"Fri, 05 Apr 2024 14:57:00 GMT",,,,1.1,https://www.jamcity.com/wp-content/themes/jamcity/theme/resources/images/blog/default.jpg,2024/4/11 23:52
https://www.jamcity.com/jam-city-launches-dc-heroes-villains-mobile-rpg/,text/html; charset=UTF-8,200,OK,Indexable,,Jam City launches DC Heroes & Villains mobile RPG - Jam City,60,556,,0,0,,0,Jam City launches DC Heroes & Villains mobile RPG,49,,0,Related posts,13,,0,"index, follow, max-image-preview:large, max-snippet:-1, max-video-preview:-1",,,https://www.jamcity.com/jam-city-launches-dc-heroes-villains-mobile-rpg/,,,,,,87677,87677,136,36,3.778,86.053,Easy,1.995,2,1,,2,1,0,1.89,37,21,0,15,10,0,,,,,2aa71e2f079122a38ff0e455b680113d,1.421,,,,,1.1,https://www.jamcity.com/jam-city-launches-dc-heroes-villains-mobile-rpg/,2024/4/11 23:52
https://www.jamcity.com/harry-potter-hogwarts-mystery-launches-massive-beyond-hogwarts-update-where-you-can-experience-adult-life-in-the-wizarding-world/,text/html; charset=UTF-8,200,OK,Indexable,,Harry Potter: Hogwarts Mystery launches massive Beyond Hogwarts update where you can experience adult life in the wizarding world - Jam City,140,1287,,0,0,,0,Harry Potter: Hogwarts Mystery launches massive Beyond Hogwarts update where you can experience adult life in the wizarding world,129,,0,Related posts,13,,0,"index, follow, max-image-preview:large, max-snippet:-1, max-video-preview:-1",,,https://www.jamcity.com/harry-potter-hogwarts-mystery-launches-massive-beyond-hogwarts-update-where-you-can-experience-adult-life-in-the-wizarding-world/,,,,,,87857,87857,150,40,3.75,80.641,Easy,2.218,2,1,,20,10,0,18.87,37,21,0,13,8,0,,,,,ad0cb66376960fea98856609b1c74a3,1.456,,,,,1.1,https://www.jamcity.com/harry-potter-hogwarts-mystery-launches-massive-beyond-hogwarts-update-where-you-can-experience-adult-life-in-the-wizarding-world/,2024/4/11 23:52
https://jamcity.com/press/,text/html; charset=UTF-8,301,Moved Permanently,Non-Indexable,Redirected,,0,0,,0,0,,0,,0,,0,,0,,0,,,,,,,,,,0,0,0,,,,,0,2,1,,1,1,0,1.89,0,0,0,0,0,0,,,,,,0.872,,https://www.jamcity.com/press/,HTTP Redirect,,1.1,https://jamcity.com/press/,2024/4/11 23:52
https://jamcity.com/frozenadventures/,text/html; charset=UTF-8,200,OK,Indexable,,Frozen Adventures - Jam City,28,263,Frozen Adventures,17,117,"frozen, adventures, candy, sgn, jam, city, iphone, android, facebook, ipad, ios, puzzle, game, swap, free",105,,0,,0,,0,,0,,,,,,,,,,26882,26882,18,4,4.5,84.768,Easy,9.607,2,1,,1,1,0,1.89,1,1,0,8,6,0,,,,,ed649af38e427fea24100657fd6b376b,0.645,"Tue, 20 Feb 2024 16:07:47 GMT",,,,1.1,https://jamcity.com/frozenadventures/,2024/4/11 23:52
https://www.jamcity.com/game/dragons-titan-uprising/,text/html; charset=UTF-8,200,OK,Indexable,,Dragons: Titan Uprising - Jam City,34,303,,0,0,,0,,0,,0,Dragons: Titan Uprising,23,,0,"index, follow, max-image-preview:large, max-snippet:-1, max-video-preview:-1",,,https://www.jamcity.com/game/dragons-titan-uprising/,,,,,,89754,89754,305,57,5.351,81.577,Easy,3.979,2,2,,3,2,0,3.77,25,16,0,15,10,0,,,,,bf6eb829ab7e272331efc5215a856b38,1.528,,,,,1.1,https://www.jamcity.com/game/dragons-titan-uprising/,2024/4/11 23:52
https://www.jamcity.com/wp-content/themes/jamcity/theme/resources/images/single/icon-amazon.png,image/png,200,OK,Indexable,,,0,0,,0,0,,0,,0,,0,,0,,0,,,,,,,,,,10890,10890,0,,,,,0,2,7,,0,0,0,0,0,0,0,0,0,0,,,,,,0.496,"Fri, 05 Apr 2024 14:57:00 GMT",,,,1.1,https://www.jamcity.com/wp-content/themes/jamcity/theme/resources/images/single/icon-amazon.png,2024/4/11 23:52
https://www.jamcity.com/wp-content/ewww/lazy/placeholder-140x70.png,image/png,200,OK,Indexable,,,0,0,,0,0,,0,,0,,0,,0,,0,,,,,,,,,,125,125,0,,,,,0,2,3,,0,0,0,0,0,0,0,0,0,0,,,,,,0.539,"Tue, 01 Jun 2021 23:18:12 GMT",,,,1.1,https://www.jamcity.com/wp-content/ewww/lazy/placeholder-140x70.png,2024/4/11 23:52
https://www.jamcity.com/game/solitaire-showtime/,text/html; charset=UTF-8,200,OK,Indexable,,Solitaire Showtime - Jam City,29,264,,0,0,,0,,0,,0,Solitaire Showtime,18,,0,"index, follow, max-image-preview:large, max-snippet:-1, max-video-preview:-1",,,https://www.jamcity.com/game/solitaire-showtime/,,,,,,84363,84363,381,57,6.684,83.476,Easy,4.831,2,2,,3,2,0,3.77,25,16,0,12,7,0,,,,,3b3965183ad57f096e364707f999a855,1.336,,,,,1.1,https://www.jamcity.com/game/solitaire-showtime/,2024/4/11 23:52
https://www.jamcity.com/category/press/,text/html; charset=UTF-8,200,OK,Indexable,,,0,0,,0,0,,0,,0,,0,,0,,0,,,,,,,,,,0,0,0,,,,,0,2,2,,47,10,0,18.87,0,0,0,0,0,0,,,,,d41d8cd98f00b204e9800998ecf8427e,0.579,,,,,1.1,https://www.jamcity.com/category/press/,2024/4/11 23:52
https://www.jamcity.com/wp-content/ewww/lazy/placeholder-713x713.png,image/png,200,OK,Indexable,,,0,0,,0,0,,0,,0,,0,,0,,0,,,,,,,,,,191,191,0,,,,,0,2,3,,0,0,0,0,0,0,0,0,0,0,,,,,,0.632,"Fri, 15 Mar 2024 19:26:30 GMT",,,,1.1,https://www.jamcity.com/wp-content/ewww/lazy/placeholder-713x713.png,2024/4/11 23:52
https://www.jamcity.com/wp-content/ewww/lazy/placeholder-516x517.png,image/png,200,OK,Indexable,,,0,0,,0,0,,0,,0,,0,,0,,0,,,,,,,,,,162,162,0,,,,,0,2,3,,0,0,0,0,0,0,0,0,0,0,,,,,,0.184,"Tue, 01 Jun 2021 23:26:28 GMT",,,,1.1,https://www.jamcity.com/wp-content/ewww/lazy/placeholder-516x517.png,2024/4/11 23:52
http://jamcity.com/,text/html,301,Moved Permanently,Non-Indexable,Redirected,,0,0,,0,0,,0,,0,,0,,0,,0,,,,,,,,,,134,134,0,,,,,0,2,0,,2,2,0,3.77,0,0,0,0,0,0,,,,,,0.317,,https://jamcity.com/,HTTP Redirect,,1.1,http://jamcity.com/,2024/4/11 23:52
http://www.jamcity.com/adpartners/,text/html,301,Moved Permanently,Non-Indexable,Redirected,,0,0,,0,0,,0,,0,,0,,0,,0,,,,,,,,,,134,134,0,,,,,0,2,1,,1,1,0,1.89,0,0,0,0,0,0,,,,,,0.343,,https://www.jamcity.com/adpartners/,HTTP Redirect,,1.1,http://www.jamcity.com/adpartners/,2024/4/11 23:52
https://www.jamcity.com/breaking-barriers-and-shattering-glass-ceilings-my-journey-as-a-vietnamese-immigrant-woman-on-a-majority-female-executive-team/,text/html; charset=UTF-8,200,OK,Indexable,,Breaking Barriers and Shattering Glass Ceilings: My Journey as a Vietnamese Immigrant Woman on a Majority Female Executive Team - Jam City,138,1294,,0,0,,0,Breaking Barriers and Shattering Glass Ceilings: My Journey as a Vietnamese Immigrant Woman on a Majority Female Executive Team,127,,0,Related posts,13,,0,"index, follow, max-image-preview:large, max-snippet:-1, max-video-preview:-1",,,https://www.jamcity.com/breaking-barriers-and-shattering-glass-ceilings-my-journey-as-a-vietnamese-immigrant-woman-on-a-majority-female-executive-team/,,,,,,94035,94035,697,102,6.833,64.806,Normal,7.724,2,1,,2,1,0,1.89,42,22,0,12,7,0,,,,,43bf79079bb6a5069cb76bf4cae8832c,1.426,,,,,1.1,https://www.jamcity.com/breaking-barriers-and-shattering-glass-ceilings-my-journey-as-a-vietnamese-immigrant-woman-on-a-majority-female-executive-team/,2024/4/11 23:52
https://www.jamcity.com/game/cookie-jam-blast/,text/html; charset=UTF-8,200,OK,Indexable,,Cookie Jam Blast - Jam City,27,251,,0,0,,0,,0,,0,Cookie Jam Blast,16,,0,"index, follow, max-image-preview:large, max-snippet:-1, max-video-preview:-1",,,https://www.jamcity.com/game/cookie-jam-blast/,,,,,,91761,91761,216,41,5.268,92.604,Very Easy,2.682,2,2,,3,2,0,3.77,25,16,0,17,11,0,,,,,5e570fb16a7ff1b3c6e5b2cef851c4d3,1.658,,,,,1.1,https://www.jamcity.com/game/cookie-jam-blast/,2024/4/11 23:52
https://www.jamcity.com/jam-city-unleashes-the-super-heroes-and-super-villains-of-the-dc-universe-in-epic-new-puzzle-rpg-game-dc-heroes-villains/,text/html; charset=UTF-8,200,OK,Indexable,,"Jam City Unleashes the Super Heroes and Super-Villains of the DC Universe in Epic New Puzzle RPG Game, DC Heroes & Villains - Jam City",134,1236,,0,0,,0,"Jam City Unleashes the Super Heroes and Super-Villains of the DC Universe in Epic New Puzzle RPG Game, DC Heroes & Villains",123,,0,Related posts,13,,0,"index, follow, max-image-preview:large, max-snippet:-1, max-video-preview:-1",,,https://www.jamcity.com/jam-city-unleashes-the-super-heroes-and-super-villains-of-the-dc-universe-in-epic-new-puzzle-rpg-game-dc-heroes-villains/,,,,,,98977,98977,1040,190,5.474,62.909,Normal,11.47,2,1,,18,9,0,16.98,43,22,0,24,18,0,,,,,3e79303bd133e0f84f6f9a4e1651039a,1.475,,,,,1.1,https://www.jamcity.com/jam-city-unleashes-the-super-heroes-and-super-villains-of-the-dc-universe-in-epic-new-puzzle-rpg-game-dc-heroes-villains/,2024/4/11 23:52
https://www.jamcity.com/wp-content/ewww/lazy/placeholder-1200x627.png,image/png,200,OK,Indexable,,,0,0,,0,0,,0,,0,,0,,0,,0,,,,,,,,,,219,219,0,,,,,0,2,3,,0,0,0,0,0,0,0,0,0,0,,,,,,0.626,"Wed, 29 Sep 2021 21:02:03 GMT",,,,1.1,https://www.jamcity.com/wp-content/ewww/lazy/placeholder-1200x627.png,2024/4/11 23:52
https://www.jamcity.com/wp-content/themes/jamcity/theme/resources/images/single/icon-apple-store.png,image/png,200,OK,Indexable,,,0,0,,0,0,,0,,0,,0,,0,,0,,,,,,,,,,7011,7011,0,,,,,0,2,7,,0,0,0,0,0,0,0,0,0,0,,,,,,0.507,"Fri, 05 Apr 2024 14:57:00 GMT",,,,1.1,https://www.jamcity.com/wp-content/themes/jamcity/theme/resources/images/single/icon-apple-store.png,2024/4/11 23:52
https://www.jamcity.com/category/blog/,text/html; charset=UTF-8,200,OK,Indexable,,,0,0,,0,0,,0,,0,,0,,0,,0,,,,,,,,,,0,0,0,,,,,0,2,2,,43,9,0,16.98,0,0,0,0,0,0,,,,,d41d8cd98f00b204e9800998ecf8427e,1.147,,,,,1.1,https://www.jamcity.com/category/blog/,2024/4/11 23:52
https://www.jamcity.com/wp-content/ewww/lazy/placeholder-734x413.png,image/png,200,OK,Indexable,,,0,0,,0,0,,0,,0,,0,,0,,0,,,,,,,,,,165,165,0,,,,,0,2,3,,0,0,0,0,0,0,0,0,0,0,,,,,,0.696,"Mon, 02 Oct 2023 15:13:09 GMT",,,,1.1,https://www.jamcity.com/wp-content/ewww/lazy/placeholder-734x413.png,2024/4/11 23:52
https://www.jamcity.com/wp-content/ewww/lazy/placeholder-512x512.png,image/png,200,OK,Indexable,,,0,0,,0,0,,0,,0,,0,,0,,0,,,,,,,,,,160,160,0,,,,,0,2,3,,0,0,0,0,0,0,0,0,0,0,,,,,,0.645,"Tue, 01 Jun 2021 23:19:03 GMT",,,,1.1,https://www.jamcity.com/wp-content/ewww/lazy/placeholder-512x512.png,2024/4/11 23:52
https://www.jamcity.com/your-hogwarts-adventure-is-just-beginning/,text/html; charset=UTF-8,200,OK,Indexable,,Your Hogwarts Adventure is just BEGINNING! - Jam City,53,495,,0,0,,0,Your Hogwarts Adventure is just BEGINNING!,42,,0,Related posts,13,,0,"index, follow, max-image-preview:large, max-snippet:-1, max-video-preview:-1",,,https://www.jamcity.com/your-hogwarts-adventure-is-just-beginning/,,,,,,96620,96620,641,101,6.347,80.818,Easy,6.762,2,1,,2,1,0,1.89,42,22,0,16,11,0,,,,,5a612ef707ee38201018cdc3034a892b,1.436,,,,,1.1,https://www.jamcity.com/your-hogwarts-adventure-is-just-beginning/,2024/4/11 23:52
https://www.jamcity.com/wp-content/ewww/lazy/placeholder-640x320.png,image/png,200,OK,Indexable,,,0,0,,0,0,,0,,0,,0,,0,,0,,,,,,,,,,154,154,0,,,,,0,2,3,,0,0,0,0,0,0,0,0,0,0,,,,,,0.691,"Tue, 28 Feb 2023 17:02:39 GMT",,,,1.1,https://www.jamcity.com/wp-content/ewww/lazy/placeholder-640x320.png,2024/4/11 23:52
https://www.jamcity.com/game/juice-jam/,text/html; charset=UTF-8,200,OK,Indexable,,Juice Jam - Jam City,20,188,,0,0,,0,,0,,0,Juice Jam,9,,0,"index, follow, max-image-preview:large, max-snippet:-1, max-video-preview:-1",,,https://www.jamcity.com/game/juice-jam/,,,,,,89110,89110,160,35,4.571,96.445,Very Easy,2.199,2,2,,3,2,0,3.77,25,16,0,19,14,0,,,,,ae32aa0c7fc2e625acb5f469996e4ce3,1.555,,,,,1.1,https://www.jamcity.com/game/juice-jam/,2024/4/11 23:52
https://www.jamcity.com/black-history-month-2024-celebrating-and-honoring-black-stories-at-jam-city/,text/html; charset=UTF-8,200,OK,Indexable,,Black History Month 2024: Celebrating and Honoring Black Stories at Jam City - Jam City,87,787,,0,0,,0,Black History Month 2024: Celebrating and Honoring Black Stories at Jam City,76,,0,Related posts,13,,0,"index, follow, max-image-preview:large, max-snippet:-1, max-video-preview:-1",,,https://www.jamcity.com/black-history-month-2024-celebrating-and-honoring-black-stories-at-jam-city/,,,,,,93111,93111,782,122,6.41,73.862,Fairly Easy,8.694,2,1,,18,9,0,16.98,42,22,0,12,7,0,,,,,36f521a986d59ce6228ede172d85a8e4,1.43,,,,,1.1,https://www.jamcity.com/black-history-month-2024-celebrating-and-honoring-black-stories-at-jam-city/,2024/4/11 23:52
https://www.jamcity.com/privacy/,text/html; charset=UTF-8,301,Moved Permanently,Non-Indexable,Redirected,,0,0,,0,0,,0,,0,,0,,0,,0,,,,,,,,,,0,0,0,,,,,0,2,1,,10,2,0,3.77,0,0,0,0,0,0,,,,,,1.013,,http://jamcity.com/privacyandterms,HTTP Redirect,,1.1,https://www.jamcity.com/privacy/,2024/4/11 23:52
https://www.jamcity.com/wp-content/themes/jamcity/theme/resources/images/single/icon-google-play.png,image/png,200,OK,Indexable,,,0,0,,0,0,,0,,0,,0,,0,,0,,,,,,,,,,8521,8521,0,,,,,0,2,7,,0,0,0,0,0,0,0,0,0,0,,,,,,0.485,"Fri, 05 Apr 2024 14:57:00 GMT",,,,1.1,https://www.jamcity.com/wp-content/themes/jamcity/theme/resources/images/single/icon-google-play.png,2024/4/11 23:52
https://www.jamcity.com/game/mahjong-city-tours/,text/html; charset=UTF-8,200,OK,Indexable,,Mahjong City Tours - Jam City,29,267,,0,0,,0,,0,,0,Mahjong City Tours,18,,0,"index, follow, max-image-preview:large, max-snippet:-1, max-video-preview:-1",,,https://www.jamcity.com/game/mahjong-city-tours/,,,,,,85705,85705,321,51,6.294,76.577,Fairly Easy,4.282,2,2,,3,2,0,3.77,25,16,0,14,9,0,,,,,26c972d2fffb0e69a92d7253117aeaf4,1.527,,,,,1.1,https://www.jamcity.com/game/mahjong-city-tours/,2024/4/11 23:52
https://www.jamcity.com/wp-content/ewww/lazy/placeholder-1268x539.png,image/png,200,OK,Indexable,,,0,0,,0,0,,0,,0,,0,,0,,0,,,,,,,,,,212,212,0,,,,,0,2,3,,0,0,0,0,0,0,0,0,0,0,,,,,,0.575,"Fri, 17 Mar 2023 19:34:00 GMT",,,,1.1,https://www.jamcity.com/wp-content/ewww/lazy/placeholder-1268x539.png,2024/4/11 23:52
https://www.jamcity.com/josh-yguado-appointed-ceo-of-jam-city/,text/html; charset=UTF-8,200,OK,Indexable,,Josh Yguado appointed CEO of Jam City - Jam City,48,454,,0,0,,0,Josh Yguado appointed CEO of Jam City,37,,0,Related posts,13,,0,"index, follow, max-image-preview:large, max-snippet:-1, max-video-preview:-1",,,https://www.jamcity.com/josh-yguado-appointed-ceo-of-jam-city/,,,,,,85425,85425,165,39,4.231,78.973,Fairly Easy,2.461,2,1,,2,1,0,1.89,37,21,0,15,10,0,,,,,61682eddaa5f2d13f58c72b9c9d61293,1.458,,,,,1.1,https://www.jamcity.com/josh-yguado-appointed-ceo-of-jam-city/,2024/4/11 23:52
https://www.jamcity.com/game/dragons-rise-of-berk/,text/html; charset=UTF-8,200,OK,Indexable,,Dragons: Rise of Berk - Jam City,32,285,,0,0,,0,,0,,0,Dragons: Rise of Berk,21,,0,"index, follow, max-image-preview:large, max-snippet:-1, max-video-preview:-1",,,https://www.jamcity.com/game/dragons-rise-of-berk/,,,,,,90657,90657,485,79,6.139,77.454,Fairly Easy,6.184,2,2,,3,2,0,3.77,25,16,0,15,10,0,,,,,a61874d6cfa84c319c54f0b8b8d0937d,1.5,,,,,1.1,https://www.jamcity.com/game/dragons-rise-of-berk/,2024/4/11 23:52
https://www.jamcity.com/game/genies-gems/,text/html; charset=UTF-8,200,OK,Indexable,,Genies & Gems - Jam City,24,232,,0,0,,0,,0,,0,Genies & Gems,13,,0,"index, follow, max-image-preview:large, max-snippet:-1, max-video-preview:-1",,,https://www.jamcity.com/game/genies-gems/,,,,,,91120,91120,185,34,5.441,91.104,Very Easy,2.444,2,2,,3,2,0,3.77,25,16,0,19,14,0,,,,,7724fc6208f56ec2d50b6644048727ce,1.73,,,,,1.1,https://www.jamcity.com/game/genies-gems/,2024/4/11 23:52
https://www.jamcity.com/8-ar-mobile-games-that-will-get-you-moving-outdoors/,text/html; charset=UTF-8,200,OK,Indexable,,8 AR Mobile Games That Will Get You Moving Outdoors - Jam City,62,587,,0,0,,0,8 AR Mobile Games That Will Get You Moving Outdoors,51,,0,Related posts,13,,0,"index, follow, max-image-preview:large, max-snippet:-1, max-video-preview:-1",,,https://www.jamcity.com/8-ar-mobile-games-that-will-get-you-moving-outdoors/,,,,,,86142,86142,137,36,3.806,83.174,Easy,2.083,2,1,,20,10,0,18.87,37,21,0,13,8,0,,,,,21b8600c7d54aa798f0e3017ed815e02,1.438,,,,,1.1,https://www.jamcity.com/8-ar-mobile-games-that-will-get-you-moving-outdoors/,2024/4/11 23:52
https://jamcity.com/images/fzn-cuts/screenshot_03.jpg,image/jpeg,200,OK,Indexable,,,0,0,,0,0,,0,,0,,0,,0,,0,,,,,,,,,,58031,58031,0,,,,,0,3,2,,0,0,0,0,0,0,0,0,0,0,,,,,,0.849,"Tue, 20 Feb 2024 16:07:47 GMT",,,,1.1,https://jamcity.com/images/fzn-cuts/screenshot_03.jpg,2024/4/11 23:52
https://www.jamcity.com/wp-content/ewww/lazy/placeholder-553x312.png,image/png,200,OK,Indexable,,,0,0,,0,0,,0,,0,,0,,0,,0,,,,,,,,,,150,150,0,,,,,0,3,3,,0,0,0,0,0,0,0,0,0,0,,,,,,0.725,"Mon, 24 Jul 2023 16:21:15 GMT",,,,1.1,https://www.jamcity.com/wp-content/ewww/lazy/placeholder-553x312.png,2024/4/11 23:52
https://jamcity.com/images/fzn-cuts/top_v5.png,image/png,200,OK,Indexable,,,0,0,,0,0,,0,,0,,0,,0,,0,,,,,,,,,,1011545,1011545,0,,,,,0,3,2,,0,0,0,0,0,0,0,0,0,0,,,,,,0.643,"Tue, 20 Feb 2024 16:07:47 GMT",,,,1.1,https://jamcity.com/images/fzn-cuts/top_v5.png,2024/4/11 23:52
https://jamcity.com/privacyandterms,text/html; charset=UTF-8,301,Moved Permanently,Non-Indexable,Redirected,,0,0,,0,0,,0,,0,,0,,0,,0,,,,,,,,,,0,0,0,,,,,0,3,0,,0,0,0,0,0,0,0,0,0,0,,,,,,0.921,,https://www.jamcity.com/privacyandterms/,HTTP Redirect,,1.1,https://jamcity.com/privacyandterms,2024/4/11 23:53
https://jamcity.com/frozenadventures/fzn-styles.css?v=4,text/css,200,OK,Indexable,,,0,0,,0,0,,0,,0,,0,,0,,0,,,,,,,,,,8749,8749,0,,,,,0,3,1,,0,0,0,0,0,0,0,0,0,0,,,,,,0.48,"Tue, 20 Feb 2024 16:07:47 GMT",,,,1.1,https://jamcity.com/frozenadventures/fzn-styles.css?v=4,2024/4/11 23:53
https://jamcity.com/,text/html; charset=UTF-8,301,Moved Permanently,Non-Indexable,Redirected,,0,0,,0,0,,0,,0,,0,,0,,0,,,,,,,,,,0,0,0,,,,,0,3,0,,1,1,0,1.89,0,0,0,0,0,0,,,,,,0.554,,https://www.jamcity.com/,HTTP Redirect,,1.1,https://jamcity.com/,2024/4/11 23:53
https://www.jamcity.com/press,text/html; charset=UTF-8,301,Moved Permanently,Non-Indexable,Redirected,,0,0,,0,0,,0,,0,,0,,0,,0,,,,,,,,,,0,0,0,,,,,0,3,0,,8,8,0,15.09,0,0,0,0,0,0,,,,,,0.975,,https://www.jamcity.com/press/,HTTP Redirect,,1.1,https://www.jamcity.com/press,2024/4/11 23:53
https://www.jamcity.com/wp-content/ewww/lazy/placeholder-855x575.png,image/png,200,OK,Indexable,,,0,0,,0,0,,0,,0,,0,,0,,0,,,,,,,,,,189,189,0,,,,,0,3,3,,0,0,0,0,0,0,0,0,0,0,,,,,,0.652,"Mon, 15 May 2023 17:01:34 GMT",,,,1.1,https://www.jamcity.com/wp-content/ewww/lazy/placeholder-855x575.png,2024/4/11 23:53
https://jamcity.com/images/fzn-cuts/screenshot_02.jpg,image/jpeg,200,OK,Indexable,,,0,0,,0,0,,0,,0,,0,,0,,0,,,,,,,,,,67779,67779,0,,,,,0,3,2,,0,0,0,0,0,0,0,0,0,0,,,,,,0.64,"Tue, 20 Feb 2024 16:07:47 GMT",,,,1.1,https://jamcity.com/images/fzn-cuts/screenshot_02.jpg,2024/4/11 23:53
https://jamcity.com/images/fzn-cuts/social_twitter.png,image/png,200,OK,Indexable,,,0,0,,0,0,,0,,0,,0,,0,,0,,,,,,,,,,7198,7198,0,,,,,0,3,2,,0,0,0,0,0,0,0,0,0,0,,,,,,0.48,"Tue, 20 Feb 2024 16:07:47 GMT",,,,1.1,https://jamcity.com/images/fzn-cuts/social_twitter.png,2024/4/11 23:53
https://www.jamcity.com/wp-content/ewww/lazy/placeholder-559x315.png,image/png,200,OK,Indexable,,,0,0,,0,0,,0,,0,,0,,0,,0,,,,,,,,,,150,150,0,,,,,0,3,3,,0,0,0,0,0,0,0,0,0,0,,,,,,0.666,"Mon, 24 Jul 2023 16:21:15 GMT",,,,1.1,https://www.jamcity.com/wp-content/ewww/lazy/placeholder-559x315.png,2024/4/11 23:53
https://www.jamcity.com/adpartners/,text/html; charset=UTF-8,200,OK,Indexable,,Ad Partners - Jam City,22,201,,0,0,,0,Current Advertising Partners,28,Marketing analytics tools,25,Partner Name,12,Information,11,"index, follow, max-image-preview:large, max-snippet:-1, max-video-preview:-1",,,https://www.jamcity.com/adpartners/,,,,,,128956,128956,361,598,0.604,0,Very Hard,8.397,3,1,,1,1,0,1.89,23,15,0,145,110,0,,,,,965c5a97a537036ccaf2c588e611167,1.408,,,,,1.1,https://www.jamcity.com/adpartners/,2024/4/11 23:53
https://jamcity.com/images/fzn-cuts/social_fb.png,image/png,200,OK,Indexable,,,0,0,,0,0,,0,,0,,0,,0,,0,,,,,,,,,,8228,8228,0,,,,,0,3,2,,0,0,0,0,0,0,0,0,0,0,,,,,,0.483,"Tue, 20 Feb 2024 16:07:47 GMT",,,,1.1,https://jamcity.com/images/fzn-cuts/social_fb.png,2024/4/11 23:53
https://jamcity.com/images/fzn-cuts/screenshot_01.jpg,image/jpeg,200,OK,Indexable,,,0,0,,0,0,,0,,0,,0,,0,,0,,,,,,,,,,48657,48657,0,,,,,0,3,2,,0,0,0,0,0,0,0,0,0,0,,,,,,0.644,"Tue, 20 Feb 2024 16:07:47 GMT",,,,1.1,https://jamcity.com/images/fzn-cuts/screenshot_01.jpg,2024/4/11 23:53
https://jamcity.com/images/fzn-cuts/social_insta.png,image/png,200,OK,Indexable,,,0,0,,0,0,,0,,0,,0,,0,,0,,,,,,,,,,9615,9615,0,,,,,0,3,2,,0,0,0,0,0,0,0,0,0,0,,,,,,0.486,"Tue, 20 Feb 2024 16:07:47 GMT",,,,1.1,https://jamcity.com/images/fzn-cuts/social_insta.png,2024/4/11 23:53
https://www.jamcity.com/wp-content/ewww/lazy/placeholder-630x325.png,image/png,200,OK,Indexable,,,0,0,,0,0,,0,,0,,0,,0,,0,,,,,,,,,,153,153,0,,,,,0,3,3,,0,0,0,0,0,0,0,0,0,0,,,,,,0.707,"Mon, 24 Jul 2023 16:21:15 GMT",,,,1.1,https://www.jamcity.com/wp-content/ewww/lazy/placeholder-630x325.png,2024/4/11 23:53
https://www.jamcity.com/wp-content/ewww/lazy/placeholder-33x39.png,image/png,200,OK,Indexable,,,0,0,,0,0,,0,,0,,0,,0,,0,,,,,,,,,,117,117,0,,,,,0,3,3,,0,0,0,0,0,0,0,0,0,0,,,,,,0.671,"Thu, 27 Jul 2023 13:29:56 GMT",,,,1.1,https://www.jamcity.com/wp-content/ewww/lazy/placeholder-33x39.png,2024/4/11 23:53
https://jamcity.com/images/fzn-cuts/social_youtube.png,image/png,200,OK,Indexable,,,0,0,,0,0,,0,,0,,0,,0,,0,,,,,,,,,,6379,6379,0,,,,,0,3,2,,0,0,0,0,0,0,0,0,0,0,,,,,,0.481,"Tue, 20 Feb 2024 16:07:47 GMT",,,,1.1,https://jamcity.com/images/fzn-cuts/social_youtube.png,2024/4/11 23:53
https://www.jamcity.com/wp-content/ewww/lazy/placeholder-42x42.png,image/png,200,OK,Indexable,,,0,0,,0,0,,0,,0,,0,,0,,0,,,,,,,,,,118,118,0,,,,,0,3,3,,0,0,0,0,0,0,0,0,0,0,,,,,,0.657,"Thu, 20 Jul 2023 13:30:23 GMT",,,,1.1,https://www.jamcity.com/wp-content/ewww/lazy/placeholder-42x42.png,2024/4/11 23:53
https://www.jamcity.com/blog,text/html; charset=UTF-8,301,Moved Permanently,Non-Indexable,Redirected,,0,0,,0,0,,0,,0,,0,,0,,0,,,,,,,,,,0,0,0,,,,,0,3,0,,8,8,0,15.09,0,0,0,0,0,0,,,,,,1.078,,https://www.jamcity.com/blog/,HTTP Redirect,,1.1,https://www.jamcity.com/blog,2024/4/11 23:53
https://www.jamcity.com/wp-content/ewww/lazy/placeholder-270x151.png,image/png,200,OK,Indexable,,,0,0,,0,0,,0,,0,,0,,0,,0,,,,,,,,,,134,134,0,,,,,0,3,3,,0,0,0,0,0,0,0,0,0,0,,,,,,0.682,"Mon, 03 Jul 2023 20:10:05 GMT",,,,1.1,https://www.jamcity.com/wp-content/ewww/lazy/placeholder-270x151.png,2024/4/11 23:53
https://jamcity.com/images/fzn-cuts/screenshot_04.jpg,image/jpeg,200,OK,Indexable,,,0,0,,0,0,,0,,0,,0,,0,,0,,,,,,,,,,60054,60054,0,,,,,0,3,2,,0,0,0,0,0,0,0,0,0,0,,,,,,0.642,"Tue, 20 Feb 2024 16:07:47 GMT",,,,1.1,https://jamcity.com/images/fzn-cuts/screenshot_04.jpg,2024/4/11 23:53
https://www.jamcity.com/privacyandterms/,text/html; charset=UTF-8,200,OK,Indexable,,Privacy+ToS EN - Jam City,25,236,,0,0,,0,,0,,0,,0,,0,"index, follow, max-image-preview:large, max-snippet:-1, max-video-preview:-1",,,https://www.jamcity.com/privacyandterms/,,,,,,149842,149842,10497,1386,7.574,54.328,Fairly Hard,58.671,4,1,,1,1,0,1.89,31,19,0,29,23,0,,,,,3e9025c48a7f00484d136ad8bb068a02,1.265,,,,,1.1,https://www.jamcity.com/privacyandterms/,2024/4/11 23:53
